date,agent,equity,cash
2021-01-04,CommitteeTeamAgent,100000.0,100000.0
2021-01-04,CommitteeTeamAgent,100000.0,95020.0
2021-01-04,ContrarianAgent,100000.0,100000.0
2021-01-04,ContrarianAgent,100000.0,97222.0
2021-01-04,DrawdownBuyerAgent,100000.0,100000.0
2021-01-04,DrawdownBuyerAgent,100000.0,100000.0
2021-01-04,DynamicTeamAgent,100000.0,100000.0
2021-01-04,DynamicTeamAgent,100000.0,100000.0
2021-01-04,FreeRiderAgent,100000.0,100000.0
2021-01-04,FreeRiderAgent,100000.0,100000.0
2021-01-04,LowVolatilityAgent,100000.0,100000.0
2021-01-04,LowVolatilityAgent,100000.0,97222.0
2021-01-04,MeanReversionAgent,100000.0,100000.0
2021-01-04,MeanReversionAgent,100000.0,100000.0
2021-01-04,MomentumAgent,100000.0,100000.0
2021-01-04,MomentumAgent,100000.0,100000.0
2021-01-04,PersuaderAgent,100000.0,100000.0
2021-01-04,PersuaderAgent,100000.0,79324.0
2021-01-04,RandomAgent,100000.0,100000.0
2021-01-04,RandomAgent,100000.0,98996.0
2021-01-04,SocialGraphAgent,100000.0,100000.0
2021-01-04,SocialGraphAgent,100000.0,98996.0
2021-01-04,TruthfulReporterAgent,100000.0,100000.0
2021-01-04,TruthfulReporterAgent,100000.0,100000.0
2021-01-05,CommitteeTeamAgent,100498.0,95020.0
2021-01-05,ContrarianAgent,100013.0,94431.0
2021-01-05,DrawdownBuyerAgent,100000.0,100000.0
2021-01-05,DynamicTeamAgent,100000.0,100000.0
2021-01-05,FreeRiderAgent,100000.0,100000.0
2021-01-05,LowVolatilityAgent,100013.0,97222.0
2021-01-05,MeanReversionAgent,100000.0,100000.0
2021-01-05,MomentumAgent,100000.0,78010.0
2021-01-05,PersuaderAgent,101314.0,79324.0
2021-01-05,RandomAgent,100017.0,100017.0
2021-01-05,SocialGraphAgent,100017.0,98996.0
2021-01-05,TruthfulReporterAgent,100000.0,100000.0
2021-01-06,CommitteeTeamAgent,100562.0,95020.0
2021-01-06,ContrarianAgent,100181.0,94431.0
2021-01-06,DrawdownBuyerAgent,100000.0,100000.0
2021-01-06,DynamicTeamAgent,100000.0,98950.0
2021-01-06,FreeRiderAgent,100000.0,98950.0
2021-01-06,LowVolatilityAgent,100097.0,97222.0
2021-01-06,MeanReversionAgent,100000.0,100000.0
2021-01-06,MomentumAgent,99640.0,76960.0
2021-01-06,PersuaderAgent,100954.0,79324.0
2021-01-06,RandomAgent,100017.0,98967.0
2021-01-06,SocialGraphAgent,100046.0,98996.0
2021-01-06,TruthfulReporterAgent,100000.0,100000.0
2021-01-07,CommitteeTeamAgent,100849.0,95020.0
2021-01-07,ContrarianAgent,100189.0,94431.0
2021-01-07,DrawdownBuyerAgent,100000.0,100000.0
2021-01-07,DynamicTeamAgent,100068.0,98950.0
2021-01-07,FreeRiderAgent,100068.0,98950.0
2021-01-07,LowVolatilityAgent,100101.0,97222.0
2021-01-07,MeanReversionAgent,100000.0,100000.0
2021-01-07,MomentumAgent,100582.0,75842.0
2021-01-07,PersuaderAgent,101828.0,78206.0
2021-01-07,RandomAgent,100085.0,100085.0
2021-01-07,SocialGraphAgent,100114.0,98996.0
2021-01-07,TruthfulReporterAgent,100000.0,98882.0
2021-01-08,CommitteeTeamAgent,100754.0,95020.0
2021-01-08,ContrarianAgent,100299.0,94431.0
2021-01-08,DrawdownBuyerAgent,100000.0,97066.0
2021-01-08,DynamicTeamAgent,100085.0,98950.0
2021-01-08,FreeRiderAgent,100085.0,98950.0
2021-01-08,LowVolatilityAgent,100156.0,97222.0
2021-01-08,MeanReversionAgent,100000.0,100000.0
2021-01-08,MomentumAgent,100863.0,74707.0
2021-01-08,PersuaderAgent,102092.0,77071.0
2021-01-08,RandomAgent,100085.0,99971.5
2021-01-08,SocialGraphAgent,100131.0,98996.0
2021-01-08,TruthfulReporterAgent,100017.0,98882.0
2021-01-11,CommitteeTeamAgent,100920.0,95020.0
2021-01-11,ContrarianAgent,100387.0,94431.0
2021-01-11,DrawdownBuyerAgent,100044.0,58066.0
2021-01-11,DynamicTeamAgent,100017.0,98950.0
2021-01-11,FreeRiderAgent,100017.0,98950.0
2021-01-11,LowVolatilityAgent,100200.0,97222.0
2021-01-11,MeanReversionAgent,100000.0,61000.0
2021-01-11,MomentumAgent,101394.0,68807.0
2021-01-11,PersuaderAgent,102691.0,77071.0
2021-01-11,RandomAgent,100078.2,100078.2
2021-01-11,SocialGraphAgent,100063.0,98996.0
2021-01-11,TruthfulReporterAgent,99949.0,98882.0
2021-01-12,CommitteeTeamAgent,101145.0,98082.5
2021-01-12,ContrarianAgent,100371.0,94431.0
2021-01-12,DrawdownBuyerAgent,101153.0,27066.0
2021-01-12,DynamicTeamAgent,100040.0,100040.0
2021-01-12,FreeRiderAgent,100040.0,98950.0
2021-01-12,LowVolatilityAgent,100192.0,97222.0
2021-01-12,MeanReversionAgent,101117.0,61000.0
2021-01-12,MomentumAgent,101901.0,63837.0
2021-01-12,PersuaderAgent,102950.0,77616.0
2021-01-12,RandomAgent,100078.2,84578.2
2021-01-12,SocialGraphAgent,100086.0,98996.0
2021-01-12,TruthfulReporterAgent,99972.0,99972.0
2021-01-13,CommitteeTeamAgent,101078.0,98082.5
2021-01-13,ContrarianAgent,100411.0,94431.0
2021-01-13,DrawdownBuyerAgent,99089.0,27066.0
2021-01-13,DynamicTeamAgent,100040.0,97044.5
2021-01-13,FreeRiderAgent,100018.0,100018.0
2021-01-13,LowVolatilityAgent,100212.0,97222.0
2021-01-13,MeanReversionAgent,99500.0,61000.0
2021-01-13,MomentumAgent,101924.0,64927.0
2021-01-13,PersuaderAgent,103148.0,89581.0
2021-01-13,RandomAgent,99844.7,84044.2
2021-01-13,SocialGraphAgent,100064.0,98996.0
2021-01-13,TruthfulReporterAgent,99972.0,99972.0
2021-01-14,CommitteeTeamAgent,100944.5,98082.5
2021-01-14,ContrarianAgent,100429.0,94431.0
2021-01-14,DrawdownBuyerAgent,95906.0,26023.0
2021-01-14,DynamicTeamAgent,99906.5,99906.5
2021-01-14,FreeRiderAgent,100018.0,97156.0
2021-01-14,LowVolatilityAgent,100221.0,97222.0
2021-01-14,MeanReversionAgent,97901.0,32060.0
2021-01-14,MomentumAgent,100037.0,62474.5
2021-01-14,PersuaderAgent,102343.0,90102.5
2021-01-14,RandomAgent,99035.7,83522.7
2021-01-14,SocialGraphAgent,100039.0,98996.0
2021-01-14,TruthfulReporterAgent,99972.0,99972.0
2021-01-15,CommitteeTeamAgent,101027.5,98082.5
2021-01-15,ContrarianAgent,100421.0,94431.0
2021-01-15,DrawdownBuyerAgent,96899.0,24967.0
2021-01-15,DynamicTeamAgent,99906.5,94792.5
2021-01-15,FreeRiderAgent,100101.0,97156.0
2021-01-15,LowVolatilityAgent,100217.0,97222.0
2021-01-15,MeanReversionAgent,98885.0,32060.0
2021-01-15,MomentumAgent,100667.5,59917.5
2021-01-15,PersuaderAgent,102418.5,88568.3
2021-01-15,RandomAgent,98963.7,84578.7
2021-01-15,SocialGraphAgent,100052.0,99524.0
2021-01-15,TruthfulReporterAgent,99972.0,99972.0
2021-01-18,CommitteeTeamAgent,101071.5,98082.5
2021-01-18,ContrarianAgent,100683.0,93362.0
2021-01-18,DrawdownBuyerAgent,97076.0,2798.0
2021-01-18,DynamicTeamAgent,99984.5,94792.5
2021-01-18,FreeRiderAgent,100145.0,96636.8
2021-01-18,LowVolatilityAgent,100348.0,97222.0
2021-01-18,MeanReversionAgent,98905.0,3605.0
2021-01-18,MomentumAgent,100586.5,54725.5
2021-01-18,PersuaderAgent,102279.4,89637.3
2021-01-18,RandomAgent,98806.2,62409.7
2021-01-18,SocialGraphAgent,100081.9,97989.8
2021-01-18,TruthfulReporterAgent,99972.0,98414.4
2021-01-19,CommitteeTeamAgent,101112.0,97045.5
2021-01-19,ContrarianAgent,100646.0,96490.0
2021-01-19,DrawdownBuyerAgent,94363.0,636.0
2021-01-19,DynamicTeamAgent,99977.5,94792.5
2021-01-19,FreeRiderAgent,100184.1,96117.6
2021-01-19,LowVolatilityAgent,100350.0,98786.0
2021-01-19,MeanReversionAgent,96516.0,3296.6
2021-01-19,MomentumAgent,100015.5,53688.5
2021-01-19,PersuaderAgent,102002.8,78827.3
2021-01-19,RandomAgent,98104.7,61381.7
2021-01-19,SocialGraphAgent,100059.3,98503.8
2021-01-19,TruthfulReporterAgent,99969.9,98414.4
2021-01-20,CommitteeTeamAgent,101099.9,97045.5
2021-01-20,ContrarianAgent,100596.0,95962.0
2021-01-20,DrawdownBuyerAgent,97843.0,58.32
2021-01-20,DynamicTeamAgent,99964.5,94792.5
2021-01-20,FreeRiderAgent,100172.0,96117.6
2021-01-20,LowVolatilityAgent,100311.0,98786.0
2021-01-20,MeanReversionAgent,99723.4,1076.6
2021-01-20,MomentumAgent,100590.9,52654.1
2021-01-20,PersuaderAgent,102578.9,77792.9
2021-01-20,RandomAgent,98880.2,51753.7
2021-01-20,SocialGraphAgent,100055.4,97986.6
2021-01-20,TruthfulReporterAgent,99966.0,98414.4
2021-01-21,CommitteeTeamAgent,101258.3,97045.5
2021-01-21,ContrarianAgent,100617.5,96510.5
2021-01-21,DrawdownBuyerAgent,100595.12,58.32
2021-01-21,DynamicTeamAgent,100056.5,97424.5
2021-01-21,FreeRiderAgent,100330.4,96749.6
2021-01-21,LowVolatilityAgent,100291.0,98786.0
2021-01-21,MeanReversionAgent,102280.9,20641.6
2021-01-21,MomentumAgent,102617.7,46334.1
2021-01-21,PersuaderAgent,103976.9,77792.9
2021-01-21,RandomAgent,101260.2,61763.7
2021-01-21,SocialGraphAgent,100092.2,97986.6
2021-01-21,TruthfulReporterAgent,99993.6,98414.4
2021-01-22,CommitteeTeamAgent,101415.3,97712.9
2021-01-22,ContrarianAgent,100519.5,93584.5
2021-01-22,DrawdownBuyerAgent,102830.94,58.32
2021-01-22,DynamicTeamAgent,100006.5,97424.5
2021-01-22,FreeRiderAgent,100452.0,97417.0
2021-01-22,LowVolatilityAgent,100249.0,98786.0
2021-01-22,MeanReversionAgent,102907.7,12261.6
2021-01-22,MomentumAgent,103697.7,46334.1
2021-01-22,PersuaderAgent,104666.9,89938.9
2021-01-22,RandomAgent,101916.7,61752.87
2021-01-22,SocialGraphAgent,100052.2,98503.0
2021-01-22,TruthfulReporterAgent,99963.6,99447.2
2021-01-25,CommitteeTeamAgent,101461.1,98234.0
2021-01-25,ContrarianAgent,100561.5,85096.5
2021-01-25,DrawdownBuyerAgent,105680.2,13058.32
2021-01-25,DynamicTeamAgent,100006.5,100006.5
2021-01-25,FreeRiderAgent,100484.0,97933.4
2021-01-25,LowVolatilityAgent,100254.0,97318.0
2021-01-25,MeanReversionAgent,106666.6,9325.6
2021-01-25,MomentumAgent,105791.5,59334.1
2021-01-25,PersuaderAgent,105544.4,87002.9
2021-01-25,RandomAgent,104653.42,74752.87
2021-01-25,SocialGraphAgent,100066.3,98503.0
2021-01-25,TruthfulReporterAgent,99968.3,99968.3
2021-01-26,CommitteeTeamAgent,101352.0,95264.0
2021-01-26,ContrarianAgent,100410.5,82126.5
2021-01-26,DrawdownBuyerAgent,103145.16,10088.32
2021-01-26,DynamicTeamAgent,100006.5,98521.5
2021-01-26,FreeRiderAgent,100400.4,96448.4
2021-01-26,LowVolatilityAgent,100288.0,95833.0
2021-01-26,MeanReversionAgent,103891.0,6355.6
2021-01-26,MomentumAgent,104689.1,72045.1
2021-01-26,PersuaderAgent,105253.9,99713.9
2021-01-26,RandomAgent,103837.61,74455.87
2021-01-26,SocialGraphAgent,100052.2,100052.2
2021-01-26,TruthfulReporterAgent,99968.3,96998.3
2021-01-27,CommitteeTeamAgent,101487.2,95784.0
2021-01-27,ContrarianAgent,100292.5,85066.5
2021-01-27,DrawdownBuyerAgent,102370.02,12915.32
2021-01-27,DynamicTeamAgent,99991.5,98521.5
2021-01-27,FreeRiderAgent,100510.8,96968.4
2021-01-27,LowVolatilityAgent,100243.0,94363.0
2021-01-27,MeanReversionAgent,101464.2,3415.6
2021-01-27,MomentumAgent,105625.1,59195.1
2021-01-27,PersuaderAgent,105253.9,98243.9
2021-01-27,RandomAgent,103281.29,77025.87
2021-01-27,SocialGraphAgent,100052.2,97112.2
2021-01-27,TruthfulReporterAgent,99938.3,96998.3
2021-01-28,CommitteeTeamAgent,101185.0,97205.5
2021-01-28,ContrarianAgent,99812.5,87909.5
2021-01-28,DrawdownBuyerAgent,98671.92,12344.36
2021-01-28,DynamicTeamAgent,99943.0,98521.5
2021-01-28,FreeRiderAgent,100308.4,97252.7
2021-01-28,LowVolatilityAgent,100049.0,92941.5
2021-01-28,MeanReversionAgent,98465.6,5859.2
2021-01-28,MomentumAgent,103686.5,64356.1
2021-01-28,PersuaderAgent,105088.9,100824.4
2021-01-28,RandomAgent,102362.25,77316.27
2021-01-28,SocialGraphAgent,99955.2,97112.2
2021-01-28,TruthfulReporterAgent,99841.3,96998.3
2021-01-29,CommitteeTeamAgent,101115.0,97205.5
2021-01-29,ContrarianAgent,99556.5,84368.4
2021-01-29,DrawdownBuyerAgent,97606.32,5262.16
2021-01-29,DynamicTeamAgent,99911.0,99216.25
2021-01-29,FreeRiderAgent,100254.3,96771.05
2021-01-29,LowVolatilityAgent,99889.0,94331.0
2021-01-29,MeanReversionAgent,98325.7,5150.98
2021-01-29,MomentumAgent,103490.1,65316.1
2021-01-29,PersuaderAgent,104992.9,103603.4
2021-01-29,RandomAgent,102712.77,73775.17
2021-01-29,SocialGraphAgent,99891.2,98501.7
2021-01-29,TruthfulReporterAgent,99777.3,98387.8
2021-02-01,CommitteeTeamAgent,101155.4,98609.0
2021-02-01,ContrarianAgent,99649.7,82964.9
2021-02-01,DrawdownBuyerAgent,97494.77,6651.66
2021-02-01,DynamicTeamAgent,99911.0,99911.0
2021-02-01,FreeRiderAgent,100294.65,97332.45
2021-02-01,LowVolatilityAgent,99917.0,97110.0
2021-02-01,MeanReversionAgent,98487.34,5150.98
2021-02-01,MomentumAgent,104012.6,61124.1
2021-02-01,PersuaderAgent,105006.9,100100.1
2021-02-01,RandomAgent,102790.51,74088.37
2021-02-01,SocialGraphAgent,99905.2,91495.1
2021-02-01,TruthfulReporterAgent,99791.3,94884.5
2021-02-02,CommitteeTeamAgent,101362.9,95105.7
2021-02-02,ContrarianAgent,99791.9,80619.5
2021-02-02,DrawdownBuyerAgent,102075.82,3148.36
2021-02-02,DynamicTeamAgent,99911.0,96233.0
2021-02-02,FreeRiderAgent,100501.25,93829.15
2021-02-02,LowVolatilityAgent,99944.0,99944.0
2021-02-02,MeanReversionAgent,101744.58,1472.98
2021-02-02,MomentumAgent,105105.5,47749.1
2021-02-02,PersuaderAgent,105195.1,101517.1
2021-02-02,RandomAgent,104398.57,79438.37
2021-02-02,SocialGraphAgent,100268.1,92203.6
2021-02-02,TruthfulReporterAgent,99979.5,96301.5
2021-02-03,CommitteeTeamAgent,101311.5,95105.7
2021-02-03,ContrarianAgent,99616.5,84429.3
2021-02-03,DrawdownBuyerAgent,103895.44,2382.96
2021-02-03,DynamicTeamAgent,100042.8,96233.0
2021-02-03,FreeRiderAgent,100482.55,94387.55
2021-02-03,LowVolatilityAgent,99944.0,98967.6
2021-02-03,MeanReversionAgent,103188.44,18.72
2021-02-03,MomentumAgent,104054.1,53739.1
2021-02-03,PersuaderAgent,105326.9,101517.1
2021-02-03,RandomAgent,104654.96,79159.17
2021-02-03,SocialGraphAgent,100521.2,92901.6
2021-02-03,TruthfulReporterAgent,100111.3,100111.3
2021-02-04,CommitteeTeamAgent,101421.9,97048.2
2021-02-04,ContrarianAgent,99978.4,83871.5
2021-02-04,DrawdownBuyerAgent,105149.56,10152.96
2021-02-04,DynamicTeamAgent,100118.0,100118.0
2021-02-04,FreeRiderAgent,100577.95,96330.05
2021-02-04,LowVolatilityAgent,99931.6,98967.6
2021-02-04,MeanReversionAgent,104972.0,3903.72
2021-02-04,MomentumAgent,103942.1,22379.1
2021-02-04,PersuaderAgent,105402.1,103459.6
2021-02-04,RandomAgent,104896.12,78195.17
2021-02-04,SocialGraphAgent,100671.6,96786.6
2021-02-04,TruthfulReporterAgent,100111.3,100111.3
2021-02-05,CommitteeTeamAgent,101301.05,98915.45
2021-02-05,ContrarianAgent,100124.7,83074.3
2021-02-05,DrawdownBuyerAgent,103665.66,9172.96
2021-02-05,DynamicTeamAgent,100118.0,99145.5
2021-02-05,FreeRiderAgent,100472.75,98197.3
2021-02-05,LowVolatilityAgent,99940.1,97995.1
2021-02-05,MeanReversionAgent,105870.3,7788.72
2021-02-05,MomentumAgent,103715.9,28343.1
2021-02-05,PersuaderAgent,105326.85,103170.8
2021-02-05,RandomAgent,104849.57,81929.67
2021-02-05,SocialGraphAgent,100521.1,100521.1
2021-02-05,TruthfulReporterAgent,100111.3,99533.7
2021-02-08,CommitteeTeamAgent,101310.65,98332.85
2021-02-08,ContrarianAgent,100085.2,83074.3
2021-02-08,DrawdownBuyerAgent,107364.88,7601.56
2021-02-08,DynamicTeamAgent,100114.6,98856.7
2021-02-08,FreeRiderAgent,100477.0,97614.7
2021-02-08,LowVolatilityAgent,99928.3,97028.5
2021-02-08,MeanReversionAgent,107163.25,11828.72
2021-02-08,MomentumAgent,104105.3,22817.1
2021-02-08,PersuaderAgent,105482.1,102385.1
2021-02-08,RandomAgent,104917.06,81143.97
2021-02-08,SocialGraphAgent,100521.1,100229.8
2021-02-08,TruthfulReporterAgent,100116.3,99242.4
2021-02-09,CommitteeTeamAgent,101403.45,97547.15
2021-02-09,ContrarianAgent,100053.0,84530.8
2021-02-09,DrawdownBuyerAgent,109547.76,6582.56
2021-02-09,DynamicTeamAgent,100163.2,98569.2
2021-02-09,FreeRiderAgent,100569.8,96829.0
2021-02-09,LowVolatilityAgent,100085.5,97028.5
2021-02-09,MeanReversionAgent,109117.79,15930.72
2021-02-09,MomentumAgent,105810.3,48517.1
2021-02-09,PersuaderAgent,105504.9,102097.6
2021-02-09,RandomAgent,105599.21,81431.47
2021-02-09,SocialGraphAgent,100512.9,99444.1
2021-02-09,TruthfulReporterAgent,100104.9,99242.4
2021-02-10,CommitteeTeamAgent,101556.25,97835.45
2021-02-10,ContrarianAgent,100293.4,85972.3
2021-02-10,DrawdownBuyerAgent,112003.13,5790.06
2021-02-10,DynamicTeamAgent,100216.9,98857.5
2021-02-10,FreeRiderAgent,100713.65,96829.0
2021-02-10,LowVolatilityAgent,100241.8,97028.5
2021-02-10,MeanReversionAgent,111981.39,15138.22
2021-02-10,MomentumAgent,106901.1,22507.1
2021-02-10,PersuaderAgent,105530.0,102385.9
2021-02-10,RandomAgent,106550.15,81552.27
2021-02-10,SocialGraphAgent,100524.9,99444.1
2021-02-10,TruthfulReporterAgent,100107.3,99242.4
2021-02-18,CommitteeTeamAgent,101411.75,97835.45
2021-02-18,ContrarianAgent,100935.2,87301.3
2021-02-18,DrawdownBuyerAgent,109446.87,7290.56
2021-02-18,DynamicTeamAgent,100140.6,98033.7
2021-02-18,FreeRiderAgent,100583.8,97129.1
2021-02-18,LowVolatilityAgent,99977.5,96471.6
2021-02-18,MeanReversionAgent,110600.94,15536.92
2021-02-18,MomentumAgent,105285.9,22507.1
2021-02-18,PersuaderAgent,105494.8,101562.1
2021-02-18,RandomAgent,105925.96,80569.27
2021-02-18,SocialGraphAgent,100568.0,99744.2
2021-02-18,TruthfulReporterAgent,100142.7,100142.7
2021-02-19,CommitteeTeamAgent,101443.05,98133.85
2021-02-19,ContrarianAgent,101178.1,87002.9
2021-02-19,DrawdownBuyerAgent,109565.49,7290.56
2021-02-19,DynamicTeamAgent,100154.0,98332.1
2021-02-19,FreeRiderAgent,100609.85,97427.5
2021-02-19,LowVolatilityAgent,99963.3,96471.6
2021-02-19,MeanReversionAgent,112755.72,14694.92
2021-02-19,MomentumAgent,106095.1,23189.1
2021-02-19,PersuaderAgent,105482.0,101860.5
2021-02-19,RandomAgent,106459.31,80773.87
2021-02-19,SocialGraphAgent,100586.2,98902.2
2021-02-19,TruthfulReporterAgent,100142.7,99300.7
2021-02-22,CommitteeTeamAgent,101297.45,97291.85
2021-02-22,ContrarianAgent,101001.3,86705.6
2021-02-22,DrawdownBuyerAgent,104254.72,6386.16
2021-02-22,DynamicTeamAgent,100066.5,97502.1
2021-02-22,FreeRiderAgent,100468.9,96597.5
2021-02-22,LowVolatilityAgent,99726.8,96471.6
2021-02-22,MeanReversionAgent,106012.92,10172.92
2021-02-22,MomentumAgent,100870.8,22359.1
2021-02-22,PersuaderAgent,105395.5,101030.5
2021-02-22,RandomAgent,104387.45,80476.57
2021-02-22,SocialGraphAgent,100562.2,98072.2
2021-02-22,TruthfulReporterAgent,100130.7,98470.7
2021-02-23,CommitteeTeamAgent,101312.65,97875.45
2021-02-23,ContrarianAgent,101211.3,87548.8
2021-02-23,DrawdownBuyerAgent,103769.44,5476.76
2021-02-23,DynamicTeamAgent,100097.9,98411.5
2021-02-23,FreeRiderAgent,100489.4,96297.4
2021-02-23,LowVolatilityAgent,99755.3,99199.8
2021-02-23,MeanReversionAgent,106727.28,11859.32
2021-02-23,MomentumAgent,101795.8,21515.9
2021-02-23,PersuaderAgent,105442.8,100730.4
2021-02-23,RandomAgent,104210.37,80615.07
2021-02-23,SocialGraphAgent,100601.8,97229.0
2021-02-23,TruthfulReporterAgent,100157.1,97627.5
2021-02-24,CommitteeTeamAgent,101232.85,98436.05
2021-02-24,ContrarianAgent,101139.3,88386.6
2021-02-24,DrawdownBuyerAgent,97466.31,4916.16
2021-02-24,DynamicTeamAgent,100087.1,98111.6
2021-02-24,FreeRiderAgent,100429.8,96858.0
2021-02-24,LowVolatilityAgent,99735.8,99199.8
2021-02-24,MeanReversionAgent,101827.14,11298.72
2021-02-24,MomentumAgent,97551.1,20672.7
2021-02-24,PersuaderAgent,105284.1,101573.6
2021-02-24,RandomAgent,102865.47,78525.17
2021-02-24,SocialGraphAgent,100580.2,97229.0
2021-02-24,TruthfulReporterAgent,100140.9,98465.3
2021-02-25,CommitteeTeamAgent,101318.45,99005.85
2021-02-25,ContrarianAgent,101812.5,87816.8
2021-02-25,DrawdownBuyerAgent,96334.29,5787.56
2021-02-25,DynamicTeamAgent,100184.3,98983.0
2021-02-25,FreeRiderAgent,100540.0,97729.4
2021-02-25,LowVolatilityAgent,99744.3,99199.8
2021-02-25,MeanReversionAgent,102028.38,10728.92
2021-02-25,MomentumAgent,97194.9,20342.8
2021-02-25,PersuaderAgent,105331.8,101243.7
2021-02-25,RandomAgent,102735.55,75154.17
2021-02-25,SocialGraphAgent,100714.6,98971.8
2021-02-25,TruthfulReporterAgent,100208.1,98465.3
2021-02-26,CommitteeTeamAgent,101265.05,99857.65
2021-02-26,ContrarianAgent,101573.0,86965.0
2021-02-26,DrawdownBuyerAgent,92886.45,3814.86
2021-02-26,DynamicTeamAgent,100165.8,98983.0
2021-02-26,FreeRiderAgent,100488.8,97729.4
2021-02-26,LowVolatilityAgent,99710.8,99199.8
2021-02-26,MeanReversionAgent,99649.6,865.42
2021-02-26,MomentumAgent,94528.5,20011.8
2021-02-26,PersuaderAgent,105220.45,101046.43
2021-02-26,RandomAgent,101743.11,74223.37
2021-02-26,SocialGraphAgent,100675.4,98416.2
2021-02-26,TruthfulReporterAgent,100168.9,97909.7
2021-03-01,CommitteeTeamAgent,101288.35,99275.35
2021-03-01,ContrarianAgent,101578.0,87965.5
2021-03-01,DrawdownBuyerAgent,97144.32,3691.66
2021-03-01,DynamicTeamAgent,100164.9,98400.7
2021-03-01,FreeRiderAgent,100542.55,97644.56
2021-03-01,LowVolatilityAgent,99703.7,99703.7
2021-03-01,MeanReversionAgent,102727.68,443.62
2021-03-01,MomentumAgent,95485.8,19344.8
2021-03-01,PersuaderAgent,105344.13,99991.93
2021-03-01,RandomAgent,102836.59,74556.87
2021-03-01,SocialGraphAgent,100695.3,96307.2
2021-03-01,TruthfulReporterAgent,100188.8,97909.7
2021-03-02,CommitteeTeamAgent,101295.85,97161.35
2021-03-02,ContrarianAgent,101376.9,88559.6
2021-03-02,DrawdownBuyerAgent,96680.6,3480.26
2021-03-02,DynamicTeamAgent,100160.0,98733.6
2021-03-02,FreeRiderAgent,100548.79,96587.56
2021-03-02,LowVolatilityAgent,99703.7,99610.18
2021-03-02,MeanReversionAgent,101023.19,1442.32
2021-03-02,MomentumAgent,93221.8,17680.3
2021-03-02,PersuaderAgent,105338.73,98934.93
2021-03-02,RandomAgent,102471.17,75492.07
2021-03-02,SocialGraphAgent,100679.9,95713.1
2021-03-02,TruthfulReporterAgent,100168.4,97909.7
2021-03-03,CommitteeTeamAgent,101319.95,97161.35
2021-03-03,ContrarianAgent,101847.1,89564.6
2021-03-03,DrawdownBuyerAgent,97347.99,3268.86
2021-03-03,DynamicTeamAgent,100197.9,98383.97
2021-03-03,FreeRiderAgent,100586.61,95538.81
2021-03-03,LowVolatilityAgent,99703.67,99703.67
2021-03-03,MeanReversionAgent,102337.53,1777.32
2021-03-03,MomentumAgent,96007.2,11712.3
2021-03-03,PersuaderAgent,105395.33,99269.93
2021-03-03,RandomAgent,102692.09,75479.75
2021-03-03,SocialGraphAgent,100730.95,94656.1
2021-03-03,TruthfulReporterAgent,100241.5,97909.7
2021-03-04,CommitteeTeamAgent,101168.35,96962.85
2021-03-04,ContrarianAgent,101764.3,89564.6
2021-03-04,DrawdownBuyerAgent,91583.86,3070.36
2021-03-04,DynamicTeamAgent,100152.04,98383.97
2021-03-04,FreeRiderAgent,100408.51,95702.26
2021-03-04,LowVolatilityAgent,99703.67,99651.27
2021-03-04,MeanReversionAgent,96946.96,1765.87
2021-03-04,MomentumAgent,92579.9,38343.3
2021-03-04,PersuaderAgent,105134.18,99071.43
2021-03-04,RandomAgent,101074.0,75468.3
2021-03-04,SocialGraphAgent,100518.6,94330.53
2021-03-04,TruthfulReporterAgent,100215.2,97909.7
2021-03-05,CommitteeTeamAgent,101131.92,96962.85
2021-03-05,ContrarianAgent,101495.8,89722.3
2021-03-05,DrawdownBuyerAgent,90535.3,3101.9
2021-03-05,DynamicTeamAgent,100130.97,98187.6
2021-03-05,FreeRiderAgent,100364.66,95898.63
2021-03-05,LowVolatilityAgent,99702.67,99651.27
2021-03-05,MeanReversionAgent,96223.01,1569.5
2021-03-05,MomentumAgent,92276.0,37761.3
2021-03-05,PersuaderAgent,105033.27,99229.13
2021-03-05,RandomAgent,100924.93,75666.8
2021-03-05,SocialGraphAgent,100450.08,94279.13
2021-03-05,TruthfulReporterAgent,100181.7,97909.7
2021-03-08,CommitteeTeamAgent,100878.38,97139.58
2021-03-08,ContrarianAgent,101545.8,89545.57
2021-03-08,DrawdownBuyerAgent,85156.16,2925.17
2021-03-08,DynamicTeamAgent,100079.83,98187.6
2021-03-08,FreeRiderAgent,100129.15,95929.83
2021-03-08,LowVolatilityAgent,99701.2,99651.27
2021-03-08,MeanReversionAgent,90174.91,1325.0
2021-03-08,MomentumAgent,90392.9,37676.35
2021-03-08,PersuaderAgent,104749.53,99425.5
2021-03-08,RandomAgent,99023.83,75656.13
2021-03-08,SocialGraphAgent,100106.01,94455.86
2021-03-08,TruthfulReporterAgent,100169.7,97909.7
2021-03-09,CommitteeTeamAgent,100756.48,97139.58
2021-03-09,ContrarianAgent,101418.25,89374.89
2021-03-09,DrawdownBuyerAgent,83818.97,2754.49
2021-03-09,DynamicTeamAgent,100033.58,98187.6
2021-03-09,FreeRiderAgent,99994.13,96100.51
2021-03-09,LowVolatilityAgent,99699.77,99651.27
2021-03-09,MeanReversionAgent,88960.5,1154.32
2021-03-09,MomentumAgent,89231.9,37592.3
2021-03-09,PersuaderAgent,104639.08,99596.18
2021-03-09,RandomAgent,98623.79,75832.86
2021-03-09,SocialGraphAgent,99944.48,94445.15
2021-03-09,TruthfulReporterAgent,100125.5,97909.7
2021-03-10,CommitteeTeamAgent,100831.08,97316.77
2021-03-10,ContrarianAgent,101322.92,89197.7
2021-03-10,DrawdownBuyerAgent,86795.38,2577.3
2021-03-10,DynamicTeamAgent,100055.49,98364.79
2021-03-10,FreeRiderAgent,100061.97,96277.7
2021-03-10,LowVolatilityAgent,99700.52,99651.27
2021-03-10,MeanReversionAgent,91584.19,1070.66
2021-03-10,MomentumAgent,89906.36,37509.02
2021-03-10,PersuaderAgent,104759.63,99773.37
2021-03-10,RandomAgent,99476.49,75749.58
2021-03-10,SocialGraphAgent,100052.45,94622.34
2021-03-10,TruthfulReporterAgent,100118.7,97909.7
2021-03-11,CommitteeTeamAgent,100959.5,97499.74
2021-03-11,ContrarianAgent,101752.16,89014.73
2021-03-11,DrawdownBuyerAgent,90843.3,2312.26
2021-03-11,DynamicTeamAgent,100125.87,98278.43
2021-03-11,FreeRiderAgent,100195.2,96460.67
2021-03-11,LowVolatilityAgent,99703.24,99651.27
2021-03-11,MeanReversionAgent,95415.47,887.69
2021-03-11,MomentumAgent,92275.0,37177.74
2021-03-11,PersuaderAgent,104959.45,99956.34
2021-03-11,RandomAgent,100521.86,75932.55
2021-03-11,SocialGraphAgent,100255.34,94622.34
2021-03-11,TruthfulReporterAgent,100203.1,97909.7
2021-03-12,CommitteeTeamAgent,100924.68,97681.42
2021-03-12,ContrarianAgent,101648.91,88831.76
2021-03-12,DrawdownBuyerAgent,91762.34,2226.3
2021-03-12,DynamicTeamAgent,100118.94,98334.23
2021-03-12,FreeRiderAgent,100163.56,96642.35
2021-03-12,LowVolatilityAgent,99704.59,99565.72
2021-03-12,MeanReversionAgent,95424.53,704.72
2021-03-12,MomentumAgent,92536.35,36836.28
2021-03-12,PersuaderAgent,104986.82,100139.31
2021-03-12,RandomAgent,100552.31,75921.2
2021-03-12,SocialGraphAgent,100219.89,94988.28
2021-03-12,TruthfulReporterAgent,100178.7,97898.35
2021-03-15,CommitteeTeamAgent,100832.14,97855.68
2021-03-15,ContrarianAgent,101553.36,88657.5
2021-03-15,DrawdownBuyerAgent,86490.37,2052.04
2021-03-15,DynamicTeamAgent,100068.55,98322.88
2021-03-15,FreeRiderAgent,100098.92,96589.24
2021-03-15,LowVolatilityAgent,99703.94,99534.28
2021-03-15,MeanReversionAgent,91369.02,521.75
2021-03-15,MomentumAgent,91661.21,36825.03
2021-03-15,PersuaderAgent,104780.03,100313.57
2021-03-15,RandomAgent,99316.25,76102.88
2021-03-15,SocialGraphAgent,100063.8,94977.03
2021-03-15,TruthfulReporterAgent,100151.7,97952.34
2021-03-16,CommitteeTeamAgent,100834.5,98032.15
2021-03-16,ContrarianAgent,101640.82,88481.03
2021-03-16,DrawdownBuyerAgent,89079.61,1875.57
2021-03-16,DynamicTeamAgent,100076.09,98376.18
2021-03-16,FreeRiderAgent,100104.68,96763.5
2021-03-16,LowVolatilityAgent,99706.9,99448.88
2021-03-16,MeanReversionAgent,94436.24,554.65
2021-03-16,MomentumAgent,92599.24,36813.92
2021-03-16,PersuaderAgent,104859.89,100490.04
2021-03-16,RandomAgent,100072.56,76091.63
2021-03-16,SocialGraphAgent,100091.74,95153.5
2021-03-16,TruthfulReporterAgent,100151.01,97941.09
2021-03-17,CommitteeTeamAgent,100811.54,98208.62
2021-03-17,ContrarianAgent,101267.14,88304.15
2021-03-17,DrawdownBuyerAgent,90354.24,1611.26
2021-03-17,DynamicTeamAgent,100056.21,98365.09
2021-03-17,FreeRiderAgent,100082.49,96816.8
2021-03-17,LowVolatilityAgent,99700.07,99502.28
2021-03-17,MeanReversionAgent,94751.93,290.34
2021-03-17,MomentumAgent,92340.92,36760.52
2021-03-17,PersuaderAgent,104853.79,100666.92
2021-03-17,RandomAgent,100274.44,76268.51
2021-03-17,SocialGraphAgent,100051.68,95142.41
2021-03-17,TruthfulReporterAgent,100095.57,97994.59
2021-03-18,CommitteeTeamAgent,100826.22,98263.08
2021-03-18,ContrarianAgent,101134.65,88249.69
2021-03-18,DrawdownBuyerAgent,91512.39,1434.38
2021-03-18,DynamicTeamAgent,100054.55,98419.55
2021-03-18,FreeRiderAgent,100107.13,96995.35
2021-03-18,LowVolatilityAgent,99697.82,99583.7
2021-03-18,MeanReversionAgent,96154.94,111.79
2021-03-18,MomentumAgent,93165.98,36814.98
2021-03-18,PersuaderAgent,104852.02,100666.92
2021-03-18,RandomAgent,100689.56,76214.27
2021-03-18,SocialGraphAgent,100068.13,95195.91
2021-03-18,TruthfulReporterAgent,100081.03,97983.41
2021-03-19,CommitteeTeamAgent,100760.58,98434.23
2021-03-19,ContrarianAgent,100805.59,88196.19
2021-03-19,DrawdownBuyerAgent,87526.79,1263.23
2021-03-19,DynamicTeamAgent,100008.25,98526.55
2021-03-19,FreeRiderAgent,100032.33,97048.85
2021-03-19,LowVolatilityAgent,99694.54,99583.7
2021-03-19,MeanReversionAgent,92670.67,100.96
2021-03-19,MomentumAgent,91169.72,36783.78
2021-03-19,PersuaderAgent,104654.94,100718.68
2021-03-19,RandomAgent,99762.65,76293.91
2021-03-19,SocialGraphAgent,99917.46,95367.06
2021-03-19,TruthfulReporterAgent,100036.7,98036.91
