date,agent,equity,cash,pnl,pnl_pct
2021-01-04,MomentumAgent,100000.0,100000.0,0.0,0.0
2021-01-04,MeanReversionAgent,100000.0,100000.0,0.0,0.0
2021-01-04,LowVolatilityAgent,100000.0,100000.0,0.0,0.0
2021-01-04,DrawdownBuyerAgent,100000.0,100000.0,0.0,0.0
2021-01-04,RandomAgent,100000.0,100000.0,0.0,0.0
2021-01-04,TruthfulReporterAgent,100000.0,100000.0,0.0,0.0
2021-01-04,PersuaderAgent,100000.0,100000.0,0.0,0.0
2021-01-04,FreeRiderAgent,100000.0,100000.0,0.0,0.0
2021-01-04,ContrarianAgent,100000.0,100000.0,0.0,0.0
2021-01-04,CommitteeTeamAgent,100000.0,100000.0,0.0,0.0
2021-01-04,DynamicTeamAgent,100000.0,100000.0,0.0,0.0
2021-01-04,SocialGraphAgent,100000.0,100000.0,0.0,0.0
2021-01-04,MomentumAgent,100000.0,100000.0,0.0,0.0
2021-01-04,MeanReversionAgent,100000.0,100000.0,0.0,0.0
2021-01-04,LowVolatilityAgent,100000.0,95683.0,0.0,0.0
2021-01-04,DrawdownBuyerAgent,100000.0,100000.0,0.0,0.0
2021-01-04,RandomAgent,100000.0,95020.0,0.0,0.0
2021-01-04,TruthfulReporterAgent,100000.0,100000.0,0.0,0.0
2021-01-04,PersuaderAgent,100000.0,59590.0,0.0,0.0
2021-01-04,FreeRiderAgent,100000.0,100000.0,0.0,0.0
2021-01-04,ContrarianAgent,100000.0,100000.0,0.0,0.0
2021-01-04,CommitteeTeamAgent,100000.0,100000.0,0.0,0.0
2021-01-04,DynamicTeamAgent,100000.0,100000.0,0.0,0.0
2021-01-04,SocialGraphAgent,100000.0,98996.0,0.0,0.0
2021-01-05,MomentumAgent,100000.0,59800.0,0.0,0.0
2021-01-05,MeanReversionAgent,100000.0,100000.0,0.0,0.0
2021-01-05,LowVolatilityAgent,99901.0,95683.0,-99.0,-0.00099
2021-01-05,DrawdownBuyerAgent,100000.0,100000.0,0.0,0.0
2021-01-05,RandomAgent,100498.0,100498.0,498.0,0.00498
2021-01-05,TruthfulReporterAgent,100000.0,98979.0,0.0,0.0
2021-01-05,PersuaderAgent,99790.0,19390.0,-210.0,-0.0021
2021-01-05,FreeRiderAgent,100000.0,98979.0,0.0,0.0
2021-01-05,ContrarianAgent,100000.0,100000.0,0.0,0.0
2021-01-05,CommitteeTeamAgent,100000.0,100000.0,0.0,0.0
2021-01-05,DynamicTeamAgent,100000.0,98979.0,0.0,0.0
2021-01-05,SocialGraphAgent,100017.0,98996.0,17.0,0.00017
2021-01-06,MomentumAgent,100477.0,59800.0,477.0,0.00477
2021-01-06,MeanReversionAgent,100000.0,100000.0,0.0,0.0
2021-01-06,LowVolatilityAgent,100098.0,95683.0,98.0,0.00098
2021-01-06,DrawdownBuyerAgent,100000.0,100000.0,0.0,0.0
2021-01-06,RandomAgent,100498.0,90402.0,498.0,0.00498
2021-01-06,TruthfulReporterAgent,100029.0,98979.0,29.0,0.00029
2021-01-06,PersuaderAgent,100744.0,18340.0,744.0,0.00744
2021-01-06,FreeRiderAgent,100029.0,98979.0,29.0,0.00029
2021-01-06,ContrarianAgent,100000.0,100000.0,0.0,0.0
2021-01-06,CommitteeTeamAgent,100029.0,98979.0,29.0,0.00029
2021-01-06,DynamicTeamAgent,100029.0,98979.0,29.0,0.00029
2021-01-06,SocialGraphAgent,100046.0,98996.0,46.0,0.00046
2021-01-07,MomentumAgent,101123.0,58682.0,1123.0,0.01123
2021-01-07,MeanReversionAgent,100000.0,100000.0,0.0,0.0
2021-01-07,LowVolatilityAgent,100273.0,94565.0,273.0,0.00273
2021-01-07,DrawdownBuyerAgent,100000.0,100000.0,0.0,0.0
2021-01-07,RandomAgent,100884.0,89843.0,884.0,0.00884
2021-01-07,TruthfulReporterAgent,100097.0,98979.0,97.0,0.00097
2021-01-07,PersuaderAgent,102104.0,18340.0,2104.0,0.02104
2021-01-07,FreeRiderAgent,100097.0,98979.0,97.0,0.00097
2021-01-07,ContrarianAgent,100000.0,100000.0,0.0,0.0
2021-01-07,CommitteeTeamAgent,100097.0,99538.0,97.0,0.00097
2021-01-07,DynamicTeamAgent,100097.0,98979.0,97.0,0.00097
2021-01-07,SocialGraphAgent,100114.0,98996.0,114.0,0.00114
2021-01-08,MomentumAgent,100267.0,58114.5,267.0,0.00267
2021-01-08,MeanReversionAgent,100000.0,100000.0,0.0,0.0
2021-01-08,LowVolatilityAgent,100360.0,95700.0,360.0,0.0036
2021-01-08,DrawdownBuyerAgent,100000.0,100000.0,0.0,0.0
2021-01-08,RandomAgent,100711.5,90410.5,711.5,0.007115
2021-01-08,TruthfulReporterAgent,100114.0,99546.5,114.0,0.00114
2021-01-08,PersuaderAgent,100375.0,18340.0,375.0,0.00375
2021-01-08,FreeRiderAgent,100114.0,98979.0,114.0,0.00114
2021-01-08,ContrarianAgent,100000.0,100000.0,0.0,0.0
2021-01-08,CommitteeTeamAgent,100105.5,99538.0,105.5,0.001055
2021-01-08,DynamicTeamAgent,100114.0,99546.5,114.0,0.00114
2021-01-08,SocialGraphAgent,100131.0,98996.0,131.0,0.00131
2021-01-11,MomentumAgent,98715.0,97114.5,-1285.0,-0.01285
2021-01-11,MeanReversionAgent,100000.0,61000.0,0.0,0.0
2021-01-11,LowVolatilityAgent,100542.0,98121.0,542.0,0.00542
2021-01-11,DrawdownBuyerAgent,100000.0,61000.0,0.0,0.0
2021-01-11,RandomAgent,100510.5,86510.5,510.5,0.005105
2021-01-11,TruthfulReporterAgent,100080.0,100080.0,80.0,0.0008
2021-01-11,PersuaderAgent,97407.0,18873.5,-2593.0,-0.02593
2021-01-11,FreeRiderAgent,100046.0,99512.5,46.0,0.00046
2021-01-11,ContrarianAgent,100000.0,99893.3,0.0,0.0
2021-01-11,CommitteeTeamAgent,100071.5,100071.5,71.5,0.000715
2021-01-11,DynamicTeamAgent,100080.0,96596.5,80.0,0.0008
2021-01-11,SocialGraphAgent,100063.0,99529.5,63.0,0.00063
2021-01-12,MomentumAgent,98749.5,98204.5,-1250.5,-0.012505
2021-01-12,MeanReversionAgent,101117.0,61000.0,1117.0,0.01117
2021-01-12,LowVolatilityAgent,100606.0,99363.5,606.0,0.00606
2021-01-12,DrawdownBuyerAgent,101117.0,45500.0,1117.0,0.01117
2021-01-12,RandomAgent,100932.2,86401.5,932.2,0.009322
2021-01-12,TruthfulReporterAgent,100080.0,99467.5,80.0,0.0008
2021-01-12,PersuaderAgent,99652.5,18261.0,-347.5,-0.003475
2021-01-12,FreeRiderAgent,100057.5,96450.0,57.5,0.000575
2021-01-12,ContrarianAgent,100004.6,99786.6,4.6,4.599999999999999e-05
2021-01-12,CommitteeTeamAgent,100071.5,97009.0,71.5,0.000715
2021-01-12,DynamicTeamAgent,100204.0,97141.5,204.0,0.00204
2021-01-12,SocialGraphAgent,100074.5,98917.0,74.5,0.000745
2021-01-13,MomentumAgent,98738.5,98738.5,-1261.5,-0.012615
2021-01-13,MeanReversionAgent,99500.0,60389.34,-500.0,-0.005
2021-01-13,LowVolatilityAgent,100598.5,99363.5,598.5,0.005985
2021-01-13,DrawdownBuyerAgent,99266.5,42446.7,-733.5,-0.007335
2021-01-13,RandomAgent,100692.3,86294.7,692.3,0.0069229999999999995
2021-01-13,TruthfulReporterAgent,100066.6,99467.5,66.6,0.0006659999999999999
2021-01-13,PersuaderAgent,96394.1,56761.0,-3605.9,-0.036059
2021-01-13,FreeRiderAgent,99979.5,96556.8,-20.5,-0.000205
2021-01-13,ContrarianAgent,100000.2,99786.6,0.2,2e-06
2021-01-13,CommitteeTeamAgent,100004.5,97009.0,4.5,4.5e-05
2021-01-13,DynamicTeamAgent,100137.0,97141.5,137.0,0.00137
2021-01-13,SocialGraphAgent,100050.1,98317.9,50.1,0.000501
2021-01-14,MomentumAgent,98738.5,98248.0,-1261.5,-0.012615
2021-01-14,MeanReversionAgent,97869.14,41938.84,-2130.86,-0.0213086
2021-01-14,LowVolatilityAgent,100589.75,99363.5,589.75,0.0058975
2021-01-14,DrawdownBuyerAgent,96711.7,39552.7,-3288.3,-0.032883
2021-01-14,RandomAgent,100153.4,86190.4,153.4,0.001534
2021-01-14,TruthfulReporterAgent,100039.9,100039.9,39.9,0.000399
2021-01-14,PersuaderAgent,94755.9,56270.5,-5244.1,-0.052441
2021-01-14,FreeRiderAgent,99836.0,96556.8,-164.0,-0.00164
2021-01-14,ContrarianAgent,99995.2,99786.6,-4.8,-4.8e-05
2021-01-14,CommitteeTeamAgent,99871.0,99871.0,-129.0,-0.00129
2021-01-14,DynamicTeamAgent,100003.5,100003.5,3.5,3.5e-05
2021-01-14,SocialGraphAgent,99984.2,99462.7,-15.8,-0.00015800000000000002
2021-01-15,MomentumAgent,98759.4,97736.6,-1240.6,-0.012405999999999999
2021-01-15,MeanReversionAgent,99596.74,41938.84,-403.26,-0.0040326
2021-01-15,LowVolatilityAgent,100642.0,99363.5,642.0,0.00642
2021-01-15,DrawdownBuyerAgent,97746.7,30921.7,-2253.3,-0.022533
2021-01-15,RandomAgent,100281.7,86190.4,281.7,0.002817
2021-01-15,TruthfulReporterAgent,100039.9,100039.9,39.9,0.000399
2021-01-15,PersuaderAgent,95953.9,56859.5,-4046.1,-0.040461
2021-01-15,FreeRiderAgent,99907.6,97129.2,-92.4,-0.000924
2021-01-15,ContrarianAgent,99997.8,99786.6,-2.2,-2.2000000000000003e-05
2021-01-15,CommitteeTeamAgent,99871.0,99359.6,-129.0,-0.00129
2021-01-15,DynamicTeamAgent,100003.5,99492.1,3.5,3.5e-05
2021-01-15,SocialGraphAgent,99990.7,99462.7,-9.3,-9.300000000000001e-05
2021-01-18,MomentumAgent,98775.0,97217.4,-1225.0,-0.01225
2021-01-18,MeanReversionAgent,100092.94,41938.84,92.94,0.0009293999999999999
2021-01-18,LowVolatilityAgent,100661.5,99415.42,661.5,0.006615
2021-01-18,DrawdownBuyerAgent,97766.7,2466.7,-2233.3,-0.022333000000000002
2021-01-18,RandomAgent,100262.1,85976.6,262.1,0.002621
2021-01-18,TruthfulReporterAgent,100039.9,99520.7,39.9,0.000399
2021-01-18,PersuaderAgent,96303.2,56340.3,-3696.8,-0.036968
2021-01-18,FreeRiderAgent,99942.4,98319.2,-57.6,-0.000576
2021-01-18,ContrarianAgent,100000.4,99188.8,0.4,4e-06
2021-01-18,CommitteeTeamAgent,99878.8,99359.6,-121.2,-0.001212
2021-01-18,DynamicTeamAgent,100011.3,98894.3,11.3,0.00011300000000000001
2021-01-18,SocialGraphAgent,99997.2,99462.7,-2.8,-2.8e-05
2021-01-19,MomentumAgent,98772.9,96591.8,-1227.1,-0.012270999999999999
2021-01-19,MeanReversionAgent,97418.34,39123.84,-2581.66,-0.0258166
2021-01-19,LowVolatilityAgent,100659.82,99415.42,659.82,0.0065982
2021-01-19,DrawdownBuyerAgent,95377.7,2100.59,-4622.3,-0.046223
2021-01-19,RandomAgent,99636.7,85663.8,-363.3,-0.003633
2021-01-19,TruthfulReporterAgent,100039.2,99520.7,39.2,0.00039200000000000004
2021-01-19,PersuaderAgent,94502.3,56237.5,-5497.7,-0.054977
2021-01-19,FreeRiderAgent,99941.5,97800.0,-58.5,-0.000585
2021-01-19,ContrarianAgent,100000.3,99188.8,0.3,3e-06
2021-01-19,CommitteeTeamAgent,99878.1,99359.6,-121.9,-0.001219
2021-01-19,DynamicTeamAgent,100018.7,98288.4,18.7,0.000187
2021-01-19,SocialGraphAgent,99976.7,99462.7,-23.3,-0.000233
2021-01-20,MomentumAgent,98753.4,96074.6,-1246.6,-0.012466
2021-01-20,MeanReversionAgent,101252.04,38161.04,1252.04,0.0125204
2021-01-20,LowVolatilityAgent,100656.7,99415.42,656.7,0.006567000000000001
2021-01-20,DrawdownBuyerAgent,98601.99,1878.59,-1398.01,-0.0139801
2021-01-20,RandomAgent,100038.8,85558.2,38.8,0.000388
2021-01-20,TruthfulReporterAgent,100037.9,99520.7,37.9,0.000379
2021-01-20,PersuaderAgent,97045.5,56237.5,-2954.5,-0.029545
2021-01-20,FreeRiderAgent,99947.6,97694.4,-52.4,-0.0005239999999999999
2021-01-20,ContrarianAgent,100004.0,99294.4,4.0,4e-05
2021-01-20,CommitteeTeamAgent,99876.8,99359.6,-123.2,-0.001232
2021-01-20,DynamicTeamAgent,100013.6,98288.4,13.6,0.000136
2021-01-20,SocialGraphAgent,99990.7,99462.7,-9.3,-9.300000000000001e-05
2021-01-21,MomentumAgent,98782.2,95442.6,-1217.8,-0.012178
2021-01-21,MeanReversionAgent,101420.44,42074.04,1420.44,0.0142044
2021-01-21,LowVolatilityAgent,100678.78,99941.82,678.78,0.0067878
2021-01-21,DrawdownBuyerAgent,101025.41,1878.59,1025.41,0.0102541
2021-01-21,RandomAgent,100440.4,85448.5,440.4,0.004404
2021-01-21,TruthfulReporterAgent,100047.1,99520.7,47.1,0.000471
2021-01-21,PersuaderAgent,97078.5,57290.3,-2921.5,-0.029215
2021-01-21,FreeRiderAgent,100033.3,98326.4,33.3,0.00033299999999999996
2021-01-21,ContrarianAgent,100036.1,99926.4,36.1,0.000361
2021-01-21,CommitteeTeamAgent,99886.0,99359.6,-114.0,-0.00114
2021-01-21,DynamicTeamAgent,100078.8,98288.4,78.8,0.000788
2021-01-21,SocialGraphAgent,100011.2,99462.7,11.2,0.000112
2021-01-22,MomentumAgent,98760.8,96110.0,-1239.2,-0.012392
2021-01-22,MeanReversionAgent,103746.46,50234.04,3746.46,0.0374646
2021-01-22,LowVolatilityAgent,100664.78,99941.82,664.78,0.0066478
2021-01-22,DrawdownBuyerAgent,102441.51,415.59,2441.51,0.024415100000000002
2021-01-22,RandomAgent,100636.2,84610.5,636.2,0.0063620000000000005
2021-01-22,TruthfulReporterAgent,100037.1,99520.7,37.1,0.000371
2021-01-22,PersuaderAgent,98740.1,65450.3,-1259.9,-0.012599
2021-01-22,FreeRiderAgent,100051.7,98326.4,51.7,0.000517
2021-01-22,ContrarianAgent,100034.7,100034.7,34.7,0.00034700000000000003
2021-01-22,CommitteeTeamAgent,99876.0,99359.6,-124.0,-0.00124
2021-01-22,DynamicTeamAgent,100139.6,98955.8,139.6,0.0013959999999999999
2021-01-22,SocialGraphAgent,100004.2,99354.4,4.2,4.2000000000000004e-05
2021-01-25,MomentumAgent,98781.6,92953.1,-1218.4,-0.012184
2021-01-25,MeanReversionAgent,102676.12,48766.04,2676.12,0.0267612
2021-01-25,LowVolatilityAgent,100671.36,99941.82,671.36,0.0067136
2021-01-25,DrawdownBuyerAgent,105373.54,6729.39,5373.54,0.0537354
2021-01-25,RandomAgent,100693.9,84316.9,693.9,0.006939
2021-01-25,TruthfulReporterAgent,100041.8,99520.7,41.8,0.00041799999999999997
2021-01-25,PersuaderAgent,97869.3,65450.3,-2130.7,-0.021307
2021-01-25,FreeRiderAgent,100076.5,98664.65,76.5,0.000765
2021-01-25,ContrarianAgent,100034.7,99153.9,34.7,0.00034700000000000003
2021-01-25,CommitteeTeamAgent,99880.7,99359.6,-119.3,-0.001193
2021-01-25,DynamicTeamAgent,100153.4,98662.2,153.4,0.001534
2021-01-25,SocialGraphAgent,100017.4,99354.4,17.4,0.00017399999999999997
2021-01-26,MomentumAgent,98660.9,67531.1,-1339.1,-0.013390999999999998
2021-01-26,MeanReversionAgent,101159.8,48469.04,1159.8,0.011597999999999999
2021-01-26,LowVolatilityAgent,100661.42,99941.82,661.42,0.0066142
2021-01-26,DrawdownBuyerAgent,102444.51,5244.39,2444.51,0.0244451
2021-01-26,RandomAgent,100141.7,84424.3,141.7,0.0014169999999999999
2021-01-26,TruthfulReporterAgent,100034.7,99520.7,34.7,0.00034700000000000003
2021-01-26,PersuaderAgent,96934.7,65450.3,-3065.3,-0.030653000000000003
2021-01-26,FreeRiderAgent,100044.55,98371.05,44.55,0.0004455
2021-01-26,ContrarianAgent,100044.9,99153.9,44.9,0.00044899999999999996
2021-01-26,CommitteeTeamAgent,99873.6,96389.6,-126.4,-0.0012640000000000001
2021-01-26,DynamicTeamAgent,100124.2,98987.7,124.2,0.001242
2021-01-26,SocialGraphAgent,99998.8,99354.4,-1.2,-1.2e-05
2021-01-27,MomentumAgent,98824.9,41831.1,-1175.1,-0.011751
2021-01-27,MeanReversionAgent,101585.9,48175.04,1585.9,0.015859
2021-01-27,LowVolatilityAgent,100669.82,99421.82,669.82,0.0066982000000000005
2021-01-27,DrawdownBuyerAgent,100548.31,3774.39,548.31,0.005483099999999999
2021-01-27,RandomAgent,100168.1,86383.3,168.1,0.001681
2021-01-27,TruthfulReporterAgent,100040.7,99226.7,40.7,0.000407
2021-01-27,PersuaderAgent,97317.1,65450.3,-2682.9,-0.026829000000000002
2021-01-27,FreeRiderAgent,100051.45,98716.45,51.45,0.0005145
2021-01-27,ContrarianAgent,100035.9,100035.9,35.9,0.000359
2021-01-27,CommitteeTeamAgent,99849.6,96389.6,-150.4,-0.0015040000000000001
2021-01-27,DynamicTeamAgent,100147.1,98693.7,147.1,0.0014709999999999999
2021-01-27,SocialGraphAgent,99979.6,99354.4,-20.4,-0.000204
2021-01-28,MomentumAgent,96196.1,17395.1,-3803.9,-0.038039
2021-01-28,MeanReversionAgent,98936.74,49027.94,-1063.26,-0.0106326
2021-01-28,LowVolatilityAgent,100660.46,99421.82,660.46,0.0066046
2021-01-28,DrawdownBuyerAgent,97123.15,2352.89,-2876.85,-0.0287685
2021-01-28,RandomAgent,99653.7,86667.6,-346.3,-0.003463
2021-01-28,TruthfulReporterAgent,100027.1,99226.7,27.1,0.00027100000000000003
2021-01-28,PersuaderAgent,95623.1,65740.7,-4376.9,-0.043768999999999995
2021-01-28,FreeRiderAgent,100000.85,98716.45,0.85,8.5e-06
2021-01-28,ContrarianAgent,100035.9,99067.9,35.9,0.000359
2021-01-28,CommitteeTeamAgent,99748.7,96673.9,-251.3,-0.002513
2021-01-28,DynamicTeamAgent,100098.15,99013.45,98.15,0.0009815
2021-01-28,SocialGraphAgent,99935.2,99548.0,-64.8,-0.0006479999999999999
2021-01-29,MomentumAgent,97006.3,17950.9,-2993.7,-0.029937
2021-01-29,MeanReversionAgent,97081.72,48059.94,-2918.28,-0.029182800000000002
2021-01-29,LowVolatilityAgent,100648.22,99421.82,648.22,0.0064822000000000005
2021-01-29,DrawdownBuyerAgent,96328.2,1392.89,-3671.8,-0.036718
2021-01-29,RandomAgent,99559.8,86379.6,-440.2,-0.004402
2021-01-29,TruthfulReporterAgent,100015.6,99226.7,15.6,0.000156
2021-01-29,PersuaderAgent,94359.9,66031.1,-5640.1,-0.05640100000000001
2021-01-29,FreeRiderAgent,99986.15,98813.25,-13.85,-0.0001385
2021-01-29,ContrarianAgent,100027.9,98790.0,27.9,0.000279
2021-01-29,CommitteeTeamAgent,99686.0,96673.9,-314.0,-0.00314
2021-01-29,DynamicTeamAgent,100080.25,97242.9,80.25,0.0008025
2021-01-29,SocialGraphAgent,99932.0,99740.0,-68.0,-0.00068
2021-02-01,MomentumAgent,97036.8,16902.9,-2963.2,-0.029632
2021-02-01,MeanReversionAgent,96755.82,46308.29,-3244.18,-0.0324418
2021-02-01,LowVolatilityAgent,100679.42,99421.82,679.42,0.006794199999999999
2021-02-01,DrawdownBuyerAgent,96293.31,1042.56,-3706.69,-0.0370669
2021-02-01,RandomAgent,99751.9,86692.8,-248.1,-0.002481
2021-02-01,TruthfulReporterAgent,100031.4,99226.7,31.4,0.000314
2021-02-01,PersuaderAgent,94057.5,59024.5,-5942.5,-0.059425
2021-02-01,FreeRiderAgent,100035.55,98813.25,35.55,0.00035549999999999997
2021-02-01,ContrarianAgent,100114.7,95286.7,114.7,0.001147
2021-02-01,CommitteeTeamAgent,99724.2,95625.9,-275.8,-0.002758
2021-02-01,DynamicTeamAgent,100079.95,95491.25,79.95,0.0007995000000000001
2021-02-01,SocialGraphAgent,99948.8,99459.3,-51.2,-0.000512
2021-02-02,MomentumAgent,103312.3,16635.4,3312.3,0.033123
2021-02-02,MeanReversionAgent,99132.13,46230.11,-867.87,-0.0086787
2021-02-02,LowVolatilityAgent,100669.1,99421.82,669.1,0.006691
2021-02-02,DrawdownBuyerAgent,100315.26,260.76,315.26,0.0031525999999999998
2021-02-02,RandomAgent,99970.4,83651.6,-29.6,-0.00029600000000000004
2021-02-02,TruthfulReporterAgent,100047.27,98876.37,47.27,0.00047270000000000005
2021-02-02,PersuaderAgent,95804.5,59024.5,-4195.5,-0.041955
2021-02-02,FreeRiderAgent,100048.35,98293.55,48.35,0.0004835
2021-02-02,ContrarianAgent,100328.1,98964.7,328.1,0.003281
2021-02-02,CommitteeTeamAgent,99735.6,91947.9,-264.4,-0.0026439999999999996
2021-02-02,DynamicTeamAgent,100255.75,93652.25,255.75,0.0025575
2021-02-02,SocialGraphAgent,99958.7,97620.3,-41.3,-0.00041299999999999996
2021-02-03,MomentumAgent,102068.9,16104.9,2068.9,0.020689000000000003
2021-02-03,MeanReversionAgent,100776.35,45631.11,776.35,0.0077635000000000004
2021-02-03,LowVolatilityAgent,100695.02,99952.32,695.02,0.0069502
2021-02-03,DrawdownBuyerAgent,102357.12,184.22,2357.12,0.0235712
2021-02-03,RandomAgent,100034.1,83052.6,34.1,0.000341
2021-02-03,TruthfulReporterAgent,100067.05,98876.37,67.05,0.0006705
2021-02-03,PersuaderAgent,97122.5,59024.5,-2877.5,-0.028775
2021-02-03,FreeRiderAgent,100053.35,98217.01,53.35,0.0005335
2021-02-03,ContrarianAgent,100292.9,98365.7,292.9,0.0029289999999999997
2021-02-03,CommitteeTeamAgent,99862.0,95757.7,-138.0,-0.00138
2021-02-03,DynamicTeamAgent,100455.85,93387.0,455.85,0.0045585
2021-02-03,SocialGraphAgent,100014.2,99525.2,14.2,0.00014199999999999998
2021-02-04,MomentumAgent,101215.8,15791.3,1215.8,0.012158
2021-02-04,MeanReversionAgent,101588.43,53250.71,1588.43,0.0158843
2021-02-04,LowVolatilityAgent,100701.32,99952.32,701.32,0.007013200000000001
2021-02-04,DrawdownBuyerAgent,103987.94,104.6,3987.94,0.0398794
2021-02-04,RandomAgent,100077.5,83255.6,77.5,0.000775
2021-02-04,TruthfulReporterAgent,100078.77,99264.87,78.77,0.0007877
2021-02-04,PersuaderAgent,97874.5,97874.5,-2125.5,-0.021255
2021-02-04,FreeRiderAgent,100051.53,98217.01,51.53,0.0005153
2021-02-04,ContrarianAgent,100267.4,97977.2,267.4,0.0026739999999999997
2021-02-04,CommitteeTeamAgent,99872.8,95222.7,-127.2,-0.0012720000000000001
2021-02-04,DynamicTeamAgent,100574.8,95329.5,574.8,0.005748
2021-02-04,SocialGraphAgent,100007.1,99445.58,7.1,7.099999999999999e-05
2021-02-05,MomentumAgent,98089.46,15243.9,-1910.54,-0.019105399999999998
2021-02-05,MeanReversionAgent,100083.9,55117.96,83.9,0.000839
2021-02-05,LowVolatilityAgent,100718.68,99842.84,718.68,0.007186799999999999
2021-02-05,DrawdownBuyerAgent,103714.94,94.8,3714.94,0.0371494
2021-02-05,RandomAgent,100042.1,82882.15,42.1,0.000421
2021-02-05,TruthfulReporterAgent,100101.07,99185.15,101.07,0.0010107
2021-02-05,PersuaderAgent,97874.5,97794.78,-2125.5,-0.021255
2021-02-05,FreeRiderAgent,100072.33,98137.29,72.33,0.0007233
2021-02-05,ContrarianAgent,100215.85,97603.75,215.85,0.0021585
2021-02-05,CommitteeTeamAgent,100011.5,94824.1,11.5,0.000115
2021-02-05,DynamicTeamAgent,100462.7,94782.1,462.7,0.004627
2021-02-05,SocialGraphAgent,100022.5,98910.58,22.5,0.000225
2021-02-08,MomentumAgent,98494.9,14691.3,-1505.1,-0.015050999999999998
2021-02-08,MeanReversionAgent,103226.13,55039.39,3226.13,0.0322613
2021-02-08,LowVolatilityAgent,100727.0,99842.84,727.0,0.00727
2021-02-08,DrawdownBuyerAgent,106991.43,16.23,6991.43,0.0699143
2021-02-08,RandomAgent,100358.35,82822.27,358.35,0.0035835000000000003
2021-02-08,TruthfulReporterAgent,100107.62,99106.58,107.62,0.0010762
2021-02-08,PersuaderAgent,97873.35,97716.21,-2126.65,-0.0212665
2021-02-08,FreeRiderAgent,100114.53,98058.72,114.53,0.0011453
2021-02-08,ContrarianAgent,100360.85,98133.25,360.85,0.0036085
2021-02-08,CommitteeTeamAgent,100049.05,94271.5,49.05,0.0004904999999999999
2021-02-08,DynamicTeamAgent,100786.2,94703.53,786.2,0.007862000000000001
2021-02-08,SocialGraphAgent,100044.85,98124.88,44.85,0.0004485
2021-02-09,MomentumAgent,100646.2,14138.7,646.2,0.006462000000000001
2021-02-09,MeanReversionAgent,104097.65,67345.39,4097.65,0.0409765
2021-02-09,LowVolatilityAgent,100727.0,99953.36,727.0,0.00727
2021-02-09,DrawdownBuyerAgent,109334.66,16.23,9334.66,0.0933466
2021-02-09,RandomAgent,100991.37,83603.57,991.37,0.0099137
2021-02-09,TruthfulReporterAgent,100102.94,99028.45,102.94,0.0010294
2021-02-09,PersuaderAgent,97872.47,97794.34,-2127.53,-0.0212753
2021-02-09,FreeRiderAgent,100139.41,97980.59,139.41,0.0013941
2021-02-09,ContrarianAgent,100433.15,98420.75,433.15,0.004331499999999999
2021-02-09,CommitteeTeamAgent,100012.65,94193.37,12.65,0.0001265
2021-02-09,DynamicTeamAgent,100840.16,94625.4,840.16,0.0084016
2021-02-09,SocialGraphAgent,100051.21,98238.28,51.21,0.0005121
2021-02-10,MomentumAgent,103714.8,11537.7,3714.8,0.037148
2021-02-10,MeanReversionAgent,104594.19,67466.19,4594.19,0.045941899999999994
2021-02-10,LowVolatilityAgent,100717.06,99953.36,717.06,0.007170599999999999
2021-02-10,DrawdownBuyerAgent,112067.83,358.88,12067.83,0.1206783
2021-02-10,RandomAgent,101635.63,83724.37,1635.63,0.0163563
2021-02-10,TruthfulReporterAgent,100098.88,99106.58,98.88,0.0009888
2021-02-10,PersuaderAgent,97873.59,97873.59,-2126.41,-0.021264099999999998
2021-02-10,FreeRiderAgent,100160.09,97980.59,160.09,0.0016009
2021-02-10,ContrarianAgent,100510.07,98541.55,510.07,0.0051007
2021-02-10,CommitteeTeamAgent,99991.07,94114.12,-8.93,-8.93e-05
2021-02-10,DynamicTeamAgent,100850.85,94570.85,850.85,0.0085085
2021-02-10,SocialGraphAgent,100063.51,98316.41,63.51,0.0006351
2021-02-18,MomentumAgent,101202.19,11204.2,1202.19,0.0120219
2021-02-18,MeanReversionAgent,103415.55,67864.89,3415.55,0.0341555
2021-02-18,LowVolatilityAgent,100733.02,99855.06,733.02,0.007330199999999999
2021-02-18,DrawdownBuyerAgent,109223.6,276.5,9223.6,0.092236
2021-02-18,RandomAgent,100663.58,83857.27,663.58,0.006635800000000001
2021-02-18,TruthfulReporterAgent,100128.34,99106.58,128.34,0.0012834
2021-02-18,PersuaderAgent,97873.59,97817.9,-2126.41,-0.021264099999999998
2021-02-18,FreeRiderAgent,100255.61,98062.97,255.61,0.0025561
2021-02-18,ContrarianAgent,100483.63,98462.55,483.63,0.0048363
2021-02-18,CommitteeTeamAgent,100176.18,94196.5,176.18,0.0017618
2021-02-18,DynamicTeamAgent,100753.75,94653.23,753.75,0.0075375
2021-02-18,SocialGraphAgent,100130.11,98449.31,130.11,0.0013011000000000001
2021-02-19,MomentumAgent,100779.35,10515.4,779.35,0.0077935
2021-02-19,MeanReversionAgent,102899.79,67780.69,2899.79,0.0289979
2021-02-19,LowVolatilityAgent,100725.85,99799.86,725.85,0.0072585
2021-02-19,DrawdownBuyerAgent,110230.89,412.9,10230.89,0.1023089
2021-02-19,RandomAgent,100652.65,83773.07,652.65,0.0065265
2021-02-19,TruthfulReporterAgent,100125.38,99190.78,125.38,0.0012538
2021-02-19,PersuaderAgent,97873.1,97762.7,-2126.9,-0.021269
2021-02-19,FreeRiderAgent,100263.57,98199.37,263.57,0.0026357
2021-02-19,ContrarianAgent,100484.15,98378.35,484.15,0.0048414999999999994
2021-02-19,CommitteeTeamAgent,100147.3,94141.3,147.3,0.0014730000000000001
2021-02-19,DynamicTeamAgent,100644.43,94598.03,644.43,0.006444299999999999
2021-02-19,SocialGraphAgent,100141.71,98533.51,141.71,0.0014171000000000001
2021-02-22,MomentumAgent,94700.58,10431.2,-5299.42,-0.0529942
2021-02-22,MeanReversionAgent,101594.21,67690.25,1594.21,0.0159421
2021-02-22,LowVolatilityAgent,100702.3,99744.66,702.3,0.007023
2021-02-22,DrawdownBuyerAgent,103379.49,322.46,3379.49,0.033794899999999996
2021-02-22,RandomAgent,99581.81,83919.37,-418.19,-0.0041819
2021-02-22,TruthfulReporterAgent,100113.08,99136.58,113.08,0.0011308
2021-02-22,PersuaderAgent,97871.1,97708.5,-2128.9,-0.021289000000000002
2021-02-22,FreeRiderAgent,100267.57,98144.17,267.57,0.0026757
2021-02-22,ContrarianAgent,100465.95,98524.65,465.95,0.0046595
2021-02-22,CommitteeTeamAgent,100079.2,94141.3,79.2,0.0007920000000000001
2021-02-22,DynamicTeamAgent,100490.23,94682.23,490.23,0.0049023
2021-02-22,SocialGraphAgent,100119.81,98479.31,119.81,0.0011981000000000001
2021-02-23,MomentumAgent,90512.52,32931.2,-9487.48,-0.0948748
2021-02-23,MeanReversionAgent,101704.15,67836.55,1704.15,0.0170415
2021-02-23,LowVolatilityAgent,100724.4,99633.56,724.4,0.007244
2021-02-23,DrawdownBuyerAgent,103873.31,264.1,3873.31,0.0387331
2021-02-23,RandomAgent,99651.39,83694.37,-348.61,-0.0034861000000000002
2021-02-23,TruthfulReporterAgent,100132.05,99220.9,132.05,0.0013205
2021-02-23,PersuaderAgent,97875.15,97652.95,-2124.85,-0.0212485
2021-02-23,FreeRiderAgent,100279.28,98282.67,279.28,0.0027928
2021-02-23,ContrarianAgent,100445.47,98433.71,445.47,0.004454700000000001
2021-02-23,CommitteeTeamAgent,100181.17,94085.75,181.17,0.0018116999999999999
2021-02-23,DynamicTeamAgent,100547.68,94626.68,547.68,0.0054767999999999996
2021-02-23,SocialGraphAgent,100149.34,98423.76,149.34,0.0014934
2021-02-24,MomentumAgent,86674.09,32918.1,-13325.91,-0.1332591
2021-02-24,MeanReversionAgent,99355.27,67627.56,-644.73,-0.0064473
2021-02-24,LowVolatilityAgent,100693.38,99579.96,693.38,0.0069338
2021-02-24,DrawdownBuyerAgent,96842.51,55.11,-3157.49,-0.031574899999999996
2021-02-24,RandomAgent,99384.1,83401.29,-615.9,-0.0061589999999999995
2021-02-24,TruthfulReporterAgent,100108.45,99165.35,108.45,0.0010845
2021-02-24,PersuaderAgent,97867.35,97599.35,-2132.65,-0.0213265
2021-02-24,FreeRiderAgent,100219.56,98227.12,219.56,0.0021956
2021-02-24,ContrarianAgent,100343.89,98349.93,343.89,0.0034389
2021-02-24,CommitteeTeamAgent,100074.73,94169.53,74.73,0.0007473
2021-02-24,DynamicTeamAgent,100197.28,94531.66,197.28,0.0019728
2021-02-24,SocialGraphAgent,100120.88,98507.54,120.88,0.0012088
2021-02-25,MomentumAgent,86717.07,32885.11,-13282.93,-0.1328293
2021-02-25,MeanReversionAgent,98733.77,67418.31,-1266.23,-0.0126623
2021-02-25,LowVolatilityAgent,100708.45,99579.96,708.45,0.0070845000000000005
2021-02-25,DrawdownBuyerAgent,95720.97,142.25,-4279.03,-0.042790299999999996
2021-02-25,RandomAgent,99185.36,83388.31,-814.64,-0.0081464
2021-02-25,TruthfulReporterAgent,100148.65,99110.9,148.65,0.0014865
2021-02-25,PersuaderAgent,97871.6,97310.45,-2128.4,-0.021284
2021-02-25,FreeRiderAgent,100272.58,98310.9,272.58,0.0027258
2021-02-25,ContrarianAgent,100338.69,98255.99,338.69,0.0033869
2021-02-25,CommitteeTeamAgent,100405.73,94256.67,405.73,0.0040573
2021-02-25,DynamicTeamAgent,100181.0,94498.67,181.0,0.00181
2021-02-25,SocialGraphAgent,100187.96,98453.09,187.96,0.0018796000000000002
2021-02-26,MomentumAgent,83819.63,32852.01,-16180.37,-0.1618037
2021-02-26,MeanReversionAgent,97497.47,67221.04,-2502.53,-0.0250253
2021-02-26,LowVolatilityAgent,100643.94,99631.06,643.94,0.0064394000000000005
2021-02-26,DrawdownBuyerAgent,92509.52,142.25,-7490.48,-0.0749048
2021-02-26,RandomAgent,98817.94,83473.49,-1182.06,-0.011820599999999999
2021-02-26,TruthfulReporterAgent,100106.2,98830.9,106.2,0.001062
2021-02-26,PersuaderAgent,97845.95,97310.45,-2154.05,-0.0215405
2021-02-26,FreeRiderAgent,100180.26,98396.08,180.26,0.0018026
2021-02-26,ContrarianAgent,100263.45,98162.91,263.45,0.0026344999999999997
2021-02-26,CommitteeTeamAgent,100233.59,93976.67,233.59,0.0023359
2021-02-26,DynamicTeamAgent,99939.95,94218.67,-60.05,-0.0006005
2021-02-26,SocialGraphAgent,100129.83,98538.27,129.83,0.0012983
2021-03-01,MomentumAgent,86650.05,53942.01,-13349.95,-0.13349950000000002
2021-03-01,MeanReversionAgent,99257.43,67010.14,-742.57,-0.0074257
2021-03-01,LowVolatilityAgent,100631.41,99537.73,631.41,0.0063141
2021-03-01,DrawdownBuyerAgent,96493.43,242.3,-3506.57,-0.0350657
2021-03-01,RandomAgent,99230.16,83461.17,-769.84,-0.0076984
2021-03-01,TruthfulReporterAgent,100108.49,98864.25,108.49,0.0010849
2021-03-01,PersuaderAgent,97851.42,97021.43,-2148.58,-0.0214858
2021-03-01,FreeRiderAgent,100169.4,98107.06,169.4,0.001694
2021-03-01,ContrarianAgent,100338.52,98069.58,338.52,0.0033851999999999997
2021-03-01,CommitteeTeamAgent,100226.83,94043.37,226.83,0.0022683
2021-03-01,DynamicTeamAgent,100158.29,94007.77,158.29,0.0015829
2021-03-01,SocialGraphAgent,100120.72,98249.25,120.72,0.0012072
2021-03-02,MomentumAgent,86397.77,53908.72,-13602.23,-0.13602229999999998
2021-03-02,MeanReversionAgent,99487.75,66587.34,-512.25,-0.0051225
2021-03-02,LowVolatilityAgent,100616.67,99587.28,616.67,0.0061667
2021-03-02,DrawdownBuyerAgent,95431.9,308.88,-4568.1,-0.045681000000000006
2021-03-02,RandomAgent,99214.88,83427.88,-785.12,-0.007851200000000001
2021-03-02,TruthfulReporterAgent,100088.77,98897.6,88.77,0.0008877
2021-03-02,PersuaderAgent,97830.58,96810.03,-2169.42,-0.0216942
2021-03-02,FreeRiderAgent,100129.11,98173.76,129.11,0.0012911
2021-03-02,ContrarianAgent,100339.15,98187.08,339.15,0.0033915
2021-03-02,CommitteeTeamAgent,100163.11,93831.97,163.11,0.0016311000000000001
2021-03-02,DynamicTeamAgent,100175.88,94174.22,175.88,0.0017588
2021-03-02,SocialGraphAgent,100089.67,98282.6,89.67,0.0008967000000000001
2021-03-03,MomentumAgent,86704.24,53908.72,-13295.76,-0.1329576
2021-03-03,MeanReversionAgent,99583.98,66753.84,-416.02,-0.0041602
2021-03-03,LowVolatilityAgent,100671.35,99587.28,671.35,0.0067135
2021-03-03,DrawdownBuyerAgent,96393.88,99.13,-3606.12,-0.0360612
2021-03-03,RandomAgent,99273.88,83375.11,-726.12,-0.0072612
2021-03-03,TruthfulReporterAgent,100136.76,98930.95,136.76,0.0013675999999999998
2021-03-03,PersuaderAgent,97854.23,96862.8,-2145.77,-0.0214577
2021-03-03,FreeRiderAgent,100219.5,97962.36,219.5,0.002195
2021-03-03,ContrarianAgent,100363.9,98153.73,363.9,0.003639
2021-03-03,CommitteeTeamAgent,100366.06,94166.97,366.06,0.0036606
2021-03-03,DynamicTeamAgent,100269.32,93751.42,269.32,0.0026931999999999998
2021-03-03,SocialGraphAgent,100161.01,98071.2,161.01,0.0016101
2021-03-04,MomentumAgent,85154.38,55893.72,-14845.62,-0.1484562
2021-03-04,MeanReversionAgent,97474.41,66487.53,-2525.59,-0.0252559
2021-03-04,LowVolatilityAgent,100657.88,99388.78,657.88,0.0065788
2021-03-04,DrawdownBuyerAgent,90258.51,99.13,-9741.49,-0.0974149
2021-03-04,RandomAgent,98463.13,83386.56,-1536.87,-0.015368699999999999
2021-03-04,TruthfulReporterAgent,100107.29,98732.45,107.29,0.0010729000000000001
2021-03-04,PersuaderAgent,97803.52,96664.3,-2196.48,-0.0219648
2021-03-04,FreeRiderAgent,100156.79,97995.05,156.79,0.0015679
2021-03-04,ContrarianAgent,100264.56,98121.04,264.56,0.0026456
2021-03-04,CommitteeTeamAgent,100251.6,94690.97,251.6,0.002516
2021-03-04,DynamicTeamAgent,99950.39,93818.12,-49.61,-0.0004961
2021-03-04,SocialGraphAgent,100116.18,98104.55,116.18,0.0011618000000000002
2021-03-05,MomentumAgent,84884.62,55862.18,-15115.38,-0.1511538
2021-03-05,MeanReversionAgent,97004.15,66291.16,-2995.85,-0.0299585
2021-03-05,LowVolatilityAgent,100637.95,99192.41,637.95,0.006379500000000001
2021-03-05,DrawdownBuyerAgent,89429.24,414.53,-10570.76,-0.1057076
2021-03-05,RandomAgent,98353.97,83335.16,-1646.03,-0.0164603
2021-03-05,TruthfulReporterAgent,100084.3,98536.08,84.3,0.000843
2021-03-05,PersuaderAgent,97795.64,96715.7,-2204.36,-0.0220436
2021-03-05,FreeRiderAgent,100114.0,97798.68,114.0,0.00114
2021-03-05,ContrarianAgent,100237.62,98089.5,237.62,0.0023762
2021-03-05,CommitteeTeamAgent,100110.76,94494.6,110.76,0.0011076
2021-03-05,DynamicTeamAgent,99843.99,94332.12,-156.01,-0.0015600999999999998
2021-03-05,SocialGraphAgent,100079.44,97908.18,79.44,0.0007944
2021-03-08,MomentumAgent,82737.43,57825.88,-17262.57,-0.1726257
2021-03-08,MeanReversionAgent,95438.62,66046.66,-4561.38,-0.0456138
2021-03-08,LowVolatilityAgent,100565.68,99442.06,565.68,0.005656799999999999
2021-03-08,DrawdownBuyerAgent,83809.14,659.03,-16190.86,-0.1619086
2021-03-08,RandomAgent,97573.92,83090.66,-2426.08,-0.0242608
2021-03-08,TruthfulReporterAgent,100001.53,98685.87,1.53,1.53e-05
2021-03-08,PersuaderAgent,97688.31,96519.33,-2311.69,-0.0231169
2021-03-08,FreeRiderAgent,100011.85,98048.33,11.85,0.0001185
2021-03-08,ContrarianAgent,100164.35,98058.3,164.35,0.0016435
2021-03-08,CommitteeTeamAgent,99963.02,94317.87,-36.98,-0.0003698
2021-03-08,DynamicTeamAgent,99577.85,93978.66,-422.15,-0.0042214999999999996
2021-03-08,SocialGraphAgent,99979.84,97711.81,-20.16,-0.0002016
2021-03-09,MomentumAgent,82051.79,58310.88,-17948.21,-0.17948209999999998
2021-03-09,MeanReversionAgent,94946.46,65875.98,-5053.54,-0.0505354
2021-03-09,LowVolatilityAgent,100529.4,99587.56,529.4,0.005294
2021-03-09,DrawdownBuyerAgent,82877.5,488.35,-17122.5,-0.171225
2021-03-09,RandomAgent,97174.85,83008.67,-2825.15,-0.028251500000000002
2021-03-09,TruthfulReporterAgent,99971.87,98515.19,-28.13,-0.0002813
2021-03-09,PersuaderAgent,97649.77,96165.87,-2350.23,-0.0235023
2021-03-09,FreeRiderAgent,99972.08,97877.65,-27.92,-0.0002792
2021-03-09,ContrarianAgent,100111.49,98009.8,111.49,0.0011149
2021-03-09,CommitteeTeamAgent,99865.17,94147.19,-134.83,-0.0013483000000000002
2021-03-09,DynamicTeamAgent,99463.83,93637.3,-536.17,-0.0053617
2021-03-09,SocialGraphAgent,99933.36,97954.31,-66.64,-0.0006664
2021-03-10,MomentumAgent,82818.71,58144.32,-17181.29,-0.17181290000000002
2021-03-10,MeanReversionAgent,96157.05,65792.32,-3842.95,-0.0384295
2021-03-10,LowVolatilityAgent,100552.51,99556.87,552.51,0.0055251
2021-03-10,DrawdownBuyerAgent,86091.79,311.16,-13908.21,-0.1390821
2021-03-10,RandomAgent,97602.24,82998.18,-2397.76,-0.0239776
2021-03-10,TruthfulReporterAgent,100005.94,98563.69,5.94,5.940000000000001e-05
2021-03-10,PersuaderAgent,97711.28,95995.19,-2288.72,-0.022887199999999996
2021-03-10,FreeRiderAgent,100005.48,97974.65,5.48,5.4800000000000004e-05
2021-03-10,ContrarianAgent,100148.49,97960.55,148.49,0.0014849000000000002
2021-03-10,CommitteeTeamAgent,99903.99,93970.0,-96.01,-0.0009601000000000001
2021-03-10,DynamicTeamAgent,99672.8,93782.8,-327.2,-0.0032719999999999997
2021-03-10,SocialGraphAgent,99960.96,97777.12,-39.04,-0.0003904
2021-03-11,MomentumAgent,83795.97,57813.04,-16204.03,-0.1620403
2021-03-11,MeanReversionAgent,97680.17,65609.35,-2319.83,-0.023198299999999998
2021-03-11,LowVolatilityAgent,100593.59,99608.84,593.59,0.0059359
2021-03-11,DrawdownBuyerAgent,90271.83,128.19,-9728.17,-0.0972817
2021-03-11,RandomAgent,98175.55,83009.72,-1824.45,-0.0182445
2021-03-11,TruthfulReporterAgent,100060.7,98612.94,60.7,0.000607
2021-03-11,PersuaderAgent,97775.53,96043.69,-2224.47,-0.0222447
2021-03-11,FreeRiderAgent,100103.36,97791.68,103.36,0.0010336
2021-03-11,ContrarianAgent,100251.53,97908.58,251.53,0.0025153
2021-03-11,CommitteeTeamAgent,100107.77,93787.03,107.77,0.0010777
2021-03-11,DynamicTeamAgent,99943.03,93834.77,-56.97,-0.0005697
2021-03-11,SocialGraphAgent,100043.52,97829.09,43.52,0.0004352
2021-03-12,MomentumAgent,83791.64,57801.69,-16208.36,-0.1620836
2021-03-12,MeanReversionAgent,98364.79,65556.03,-1635.21,-0.0163521
2021-03-12,LowVolatilityAgent,100602.17,99715.48,602.17,0.0060217
2021-03-12,DrawdownBuyerAgent,91231.7,128.19,-8768.3,-0.087683
2021-03-12,RandomAgent,98275.3,83351.18,-1724.7,-0.017247000000000002
2021-03-12,TruthfulReporterAgent,100069.42,98666.26,69.42,0.0006942000000000001
2021-03-12,PersuaderAgent,97769.31,96097.01,-2230.69,-0.0223069
2021-03-12,FreeRiderAgent,100114.28,97843.65,114.28,0.0011428
2021-03-12,ContrarianAgent,100262.91,97855.26,262.91,0.0026291
2021-03-12,CommitteeTeamAgent,100179.42,93840.35,179.42,0.0017942
2021-03-12,DynamicTeamAgent,100057.59,93651.8,57.59,0.0005759000000000001
2021-03-12,SocialGraphAgent,100044.27,97882.41,44.27,0.0004427
2021-03-15,MomentumAgent,82902.13,58332.79,-17097.87,-0.17097869999999998
2021-03-15,MeanReversionAgent,95998.35,65381.77,-4001.65,-0.0400165
2021-03-15,LowVolatilityAgent,100578.91,99768.8,578.91,0.005789099999999999
2021-03-15,DrawdownBuyerAgent,85791.0,45.89,-14209.0,-0.14209
2021-03-15,RandomAgent,97496.56,83100.17,-2503.44,-0.025034400000000002
2021-03-15,TruthfulReporterAgent,100031.9,98492.0,31.9,0.000319
2021-03-15,PersuaderAgent,97697.7,96150.12,-2302.3,-0.023023000000000002
2021-03-15,FreeRiderAgent,100065.43,97669.39,65.43,0.0006543
2021-03-15,ContrarianAgent,100167.49,97855.26,167.49,0.0016749
2021-03-15,CommitteeTeamAgent,100107.19,93893.46,107.19,0.0010719
2021-03-15,DynamicTeamAgent,99685.89,93704.91,-314.11,-0.0031411
2021-03-15,SocialGraphAgent,99996.41,97935.52,-3.59,-3.59e-05
2021-03-16,MomentumAgent,83389.72,58278.47,-16610.28,-0.1661028
2021-03-16,MeanReversionAgent,96971.69,65381.77,-3028.31,-0.0302831
2021-03-16,LowVolatilityAgent,100591.4,99877.44,591.4,0.005914
2021-03-16,DrawdownBuyerAgent,89185.86,45.89,-10814.14,-0.1081414
2021-03-16,RandomAgent,97784.79,83153.28,-2215.21,-0.0221521
2021-03-16,TruthfulReporterAgent,100070.83,98546.32,70.83,0.0007083
2021-03-16,PersuaderAgent,97733.76,96326.59,-2266.24,-0.0226624
2021-03-16,FreeRiderAgent,100112.53,97723.71,112.53,0.0011253
2021-03-16,ContrarianAgent,100191.86,97855.26,191.86,0.0019186000000000001
2021-03-16,CommitteeTeamAgent,100295.29,93947.78,295.29,0.0029529
2021-03-16,DynamicTeamAgent,99858.42,93704.91,-141.58,-0.0014158
2021-03-16,SocialGraphAgent,100035.2,97988.63,35.2,0.00035200000000000005
2021-03-17,MomentumAgent,83395.49,58245.76,-16604.51,-0.16604509999999997
2021-03-17,MeanReversionAgent,97705.12,65328.37,-2294.88,-0.022948800000000002
2021-03-17,LowVolatilityAgent,100592.25,99930.84,592.25,0.0059225
2021-03-17,DrawdownBuyerAgent,90475.55,45.89,-9524.45,-0.09524450000000001
2021-03-17,RandomAgent,98029.56,83099.88,-1970.44,-0.0197044
2021-03-17,TruthfulReporterAgent,100067.52,98546.32,67.52,0.0006751999999999999
2021-03-17,PersuaderAgent,97739.61,96503.47,-2260.39,-0.0226039
2021-03-17,FreeRiderAgent,100099.93,97734.8,99.93,0.0009993
2021-03-17,ContrarianAgent,100206.4,97801.86,206.4,0.002064
2021-03-17,CommitteeTeamAgent,100237.51,94001.18,237.51,0.0023750999999999998
2021-03-17,DynamicTeamAgent,99952.31,93813.55,-47.69,-0.0004769
2021-03-17,SocialGraphAgent,100013.52,98042.03,13.52,0.0001352
2021-03-18,MomentumAgent,83722.83,58424.31,-16277.17,-0.1627717
2021-03-18,MeanReversionAgent,98046.69,65149.82,-1953.31,-0.0195331
2021-03-18,LowVolatilityAgent,100602.54,99985.08,602.54,0.006025399999999999
2021-03-18,DrawdownBuyerAgent,91851.43,45.89,-8148.57,-0.0814857
2021-03-18,RandomAgent,98366.07,83046.48,-1633.93,-0.0163393
2021-03-18,TruthfulReporterAgent,100085.25,98546.32,85.25,0.0008525
2021-03-18,PersuaderAgent,97758.45,96682.02,-2241.55,-0.0224155
2021-03-18,FreeRiderAgent,100124.96,97788.2,124.96,0.0012496
2021-03-18,ContrarianAgent,100234.76,97747.62,234.76,0.0023476
2021-03-18,CommitteeTeamAgent,100280.27,94055.42,280.27,0.0028027
2021-03-18,DynamicTeamAgent,100011.49,93867.79,11.49,0.0001149
2021-03-18,SocialGraphAgent,100020.04,98095.43,20.04,0.0002004
2021-03-19,MomentumAgent,82703.01,58595.46,-17296.99,-0.1729699
2021-03-19,MeanReversionAgent,96373.19,64978.67,-3626.81,-0.0362681
2021-03-19,LowVolatilityAgent,100580.96,99985.08,580.96,0.005809600000000001
2021-03-19,DrawdownBuyerAgent,87793.38,45.89,-12206.62,-0.12206620000000001
2021-03-19,RandomAgent,97886.64,82992.24,-2113.36,-0.021133600000000002
2021-03-19,TruthfulReporterAgent,100020.67,98546.32,20.67,0.0002067
2021-03-19,PersuaderAgent,97717.05,96853.17,-2282.95,-0.0228295
2021-03-19,FreeRiderAgent,100029.67,97839.96,29.67,0.0002967
2021-03-19,ContrarianAgent,100145.26,97693.38,145.26,0.0014525999999999999
2021-03-19,CommitteeTeamAgent,100010.39,94055.42,10.39,0.0001039
2021-03-19,DynamicTeamAgent,99702.49,93867.79,-297.51,-0.0029751
2021-03-19,SocialGraphAgent,99951.42,98095.43,-48.58,-0.0004858
